/*
drop database if exists  `ret_database`;
create database `ret_database`;
use `ret_database`;

set names utf8;
set character_set_client = utf8mb4;*/

CREATE TABLE `tbl_cultivares` (
  `Id_Cultivar` int(11) NOT NULL AUTO_INCREMENT,
  `Nombre` varchar(50) DEFAULT NULL,
  `Propietario` varchar(50) DEFAULT NULL,
  `Alta` date DEFAULT NULL,
  `Ciclo` char(2) DEFAULT NULL,
  `Grupo` varchar(10) DEFAULT NULL,
  PRIMARY KEY (`Id_Cultivar`)
) ENGINE=InnoDB DEFAULT CHARSET=latin1;

INSERT INTO `tbl_cultivares` VALUES (1,'KLPROT',NULL,NULL,NULL,NULL),(2,'KLEINNUTRIA','CRIADERO KLEIN S.A.',NULL,NULL,NULL),(3,'KLEINPOTRO','CRIADERO KLEIN S.A.',NULL,NULL,NULL),(4,'KLEINPROMETEO','CRIADERO KLEIN S.A.',NULL,NULL,NULL),(5,'SY330','SYNGENTA',NULL,NULL,NULL),(6,'KLEINLIEBRE','CRIADERO KLEIN S.A.',NULL,NULL,NULL),(7,'CEIBO',NULL,NULL,NULL,NULL),(8,'BUCKSAETA','BUCK SEMILLAS',NULL,NULL,NULL),(9,'NANDUBAY',NULL,NULL,NULL,NULL),(10,'KLEINRAYO','CRIADERO KLEIN S.A.',NULL,NULL,NULL),(11,'KLEINTAURO','CRIADERO KLEIN S.A.',NULL,NULL,NULL),(12,'HOATUEL',NULL,NULL,NULL,NULL),(13,'ACA 603','ACA',NULL,NULL,NULL),(14,'915','ACA',NULL,NULL,NULL),(15,'914','ACA',NULL,NULL,NULL),(16,'KLEINVALOR','CRIADERO KLEIN S.A.',NULL,NULL,NULL),(17,'BUCKCOLIHUE','BUCK SEMILLAS',NULL,NULL,NULL),(18,'ACA908','ACA',NULL,NULL,NULL),(19,'ACA909','ACA',NULL,NULL,NULL),(20,'FLORIPAN200',NULL,NULL,NULL,NULL),(21,'DMTBIOAUDAZ',NULL,NULL,NULL,NULL),(22,'BIOCERES1008',NULL,NULL,NULL,NULL),(23,'BIOINTA1006','INTA',NULL,NULL,NULL),(24,'GINKGO',NULL,NULL,NULL,NULL),(25,'ACA916','ACA',NULL,NULL,NULL),(26,'920','ACA',NULL,NULL,NULL),(27,'ACA602','ACA',NULL,NULL,NULL),(28,'LGWA110169',NULL,NULL,NULL,NULL),(29,'SN90',NULL,NULL,NULL,NULL),(30,'MSINTA415','INTA',NULL,NULL,NULL),(31,'MSINTA617','INTA',NULL,NULL,NULL),(32,'MSINTA815','INTA',NULL,NULL,NULL),(33,'MSINTA819','INTA',NULL,NULL,NULL),(34,'MSINTABONAERENSE514','INTA',NULL,NULL,NULL),(35,'MSINTABONAERENSE817','INTA',NULL,NULL,NULL),(36,'BAG50',NULL,NULL,NULL,NULL),(37,'JACARANDA','ACA',NULL,NULL,NULL),(38,'BUCKCAMBA','BUCK SEMILLAS',NULL,NULL,NULL),(39,'BUCKCLARAZ','BUCK SEMILLAS',NULL,NULL,NULL),(40,'LGARLASK',NULL,NULL,NULL,NULL),(41,'KLEINHURACAN','CRIADERO KLEIN S.A.',NULL,NULL,NULL),(42,'KLEINMERCURIO','CRIADERO KLEIN S.A.',NULL,NULL,NULL),(43,'KLEINCIENANOS','CRIADERO KLEIN S.A.',NULL,NULL,NULL),(44,'KLEINSERPIENTE','CRIADERO KLEIN S.A.',NULL,NULL,NULL),(45,'KLEINMINERVA','CRIADERO KLEIN S.A.',NULL,NULL,NULL),(46,'SY120','SYNGENTA',NULL,NULL,NULL),(47,'ACA360','ACA',NULL,NULL,NULL),(48,'CEDRO',NULL,NULL,NULL,NULL),(49,'ALGARROBO',NULL,NULL,NULL,NULL),(50,'FLORIPAN300',NULL,NULL,NULL,NULL),(51,'BAG20',NULL,NULL,NULL,NULL),(52,'KLEINTITANIOCL','CRIADERO KLEIN S.A.',NULL,NULL,NULL),(53,'MS119',NULL,NULL,NULL,NULL),(54,'MSINTABONAERENSE215','INTA',NULL,NULL,NULL),(55,'GUAYABO',NULL,NULL,NULL,NULL),(56,'BUCKDESTELLO','BUCK SEMILLAS',NULL,NULL,NULL),(57,'BASILIO',NULL,NULL,NULL,NULL),(58,'365','ACA',NULL,NULL,NULL),(59,'ACA303PLUS','ACA',NULL,NULL,NULL),(60,'ALHAMBRA',NULL,NULL,NULL,NULL),(61,'LAPACHO',NULL,NULL,NULL,NULL),(62,'RGTGARDELL',NULL,NULL,NULL,NULL),(63,'BUCKCOLIQUEO','BUCK SEMILLAS',NULL,NULL,NULL),(64,'BUCKCUMELEN','BUCK SEMILLAS',NULL,NULL,NULL),(65,'TIMBO',NULL,NULL,NULL,NULL),(66,'BUCKBELLACO','BUCK SEMILLAS',NULL,NULL,NULL),(67,'SY200','SYNGENTA',NULL,NULL,NULL),(68,'SY211','SYNGENTA',NULL,NULL,NULL),(69,'BUCKRESPLANDOR','BUCK SEMILLAS',NULL,NULL,NULL),(70,'MSINTA116','INTA',NULL,NULL,NULL),(71,'MSINTA119','INTA',NULL,NULL,NULL),(72,'SY300','SYNGENTA',NULL,NULL,NULL),(73,'KLEINLANZA','CRIADERO KLEIN S.A.',NULL,NULL,NULL),(74,'MSINTABONAERENSE816','INTA',NULL,NULL,NULL),(75,'BAGUETTE450','NIDERA',NULL,NULL,NULL),(76,'BAGUETTE501','NIDERA',NULL,NULL,NULL),(77,'TSR1066',NULL,NULL,NULL,NULL),(78,'FLORIPAN100',NULL,NULL,NULL,NULL),(79,'55CL2','SYNGENTA',NULL,NULL,NULL),(80,'BUCKPLENO','BUCK SEMILLAS',NULL,NULL,NULL),(81,'MSINTAB516','INTA',NULL,NULL,NULL),(82,'TSR1086',NULL,NULL,NULL,NULL),(83,'TSR1146',NULL,NULL,NULL,NULL),(84,'BUCKMETEORO','BUCK SEMILLAS',NULL,NULL,NULL),(85,'KLEINPROTEO','CRIADERO KLEIN S.A.',NULL,NULL,NULL),(86,'BAGUETTE620','NIDERA',NULL,NULL,NULL),(87,'BAGUETTE750','NIDERA',NULL,NULL,NULL),(88,'BAGUETTE680','NIDERA',NULL,NULL,NULL),(89,'AVISO',NULL,NULL,NULL,NULL),(90,'BAGUETTE802','NIDERA',NULL,NULL,NULL),(91,'BAGUETTEPREMIUM11','NIDERA',NULL,NULL,NULL),(92,'ACA315','ACA',NULL,NULL,NULL),(93,'BUCKAMANCAY','BUCK SEMILLAS',NULL,NULL,NULL),(94,'SY110','SYNGENTA',NULL,NULL,NULL),(95,'BUCKAMANECER','BUCK SEMILLAS',NULL,NULL,NULL),(96,'FLORYGAL100',NULL,NULL,NULL,NULL),(97,'TUCGRANIVO',NULL,NULL,NULL,NULL),(98,'TUCELITTE17',NULL,NULL,NULL,NULL),(99,'TUCELITTE43',NULL,NULL,NULL,NULL),(100,'BIOINTA2006','INTA',NULL,NULL,NULL),(101,'KLEINYARARA','CRIADERO KLEIN S.A.',NULL,NULL,NULL),(102,'BIOINTA3008','INTA',NULL,NULL,NULL),(103,'BUCK55CL','BUCK SEMILLAS',NULL,NULL,NULL),(104,'FRL100',NULL,NULL,NULL,NULL),(105,'KLMINER',NULL,NULL,NULL,NULL),(106,'BAGETTE550',NULL,NULL,NULL,NULL),(107,'BAGETTE500',NULL,NULL,NULL,NULL),(108,'BIOINTA1008','INTA',NULL,NULL,NULL),(109,'PAMPERO',NULL,NULL,NULL,NULL),(110,'BIOCERES1006',NULL,NULL,NULL,NULL);

CREATE TABLE `tbl_localidades` (
  `Id_localidad` tinyint(5) NOT NULL AUTO_INCREMENT,
  `region` varchar(10) NOT NULL,
  `provincia` varchar(100) NOT NULL,
  `departamento` varchar(50) DEFAULT NULL,
  `ciudad` varchar(100) DEFAULT NULL,
  `institucion` varchar(100) DEFAULT NULL,
  `especificacion` varchar(100) DEFAULT NULL,
  `lat` decimal(12,10) DEFAULT NULL,
  `lon` decimal(12,10) DEFAULT NULL,
  `contacto` varchar(150) DEFAULT NULL,
  PRIMARY KEY (`Id_localidad`)
) ENGINE=InnoDB DEFAULT CHARSET=latin1;

INSERT INTO `tbl_localidades` VALUES (1,'I','Santa Fe','Castellanos','Rafaela','INTA','EEA Rafaela- INTA',-31.1962064428,-61.4953379023,'Carlos Bainotti (bainotti.carlos@inta.gob.ar)'),(2,'I','Santa Fe','Gral. Obligado','Reconquista','INTA','Desconocido',-29.1434970288,-59.6399011613,'Carlos Bainotti (bainotti.carlos@inta.gob.ar)'),(3,'II NORTE','Cordoba','Marcos Juarez','Marcos Juarez','INTA','EEA Marcos Juarez - INTA',-32.7197972526,-62.1066760440,'Carlos Bainotti (bainotti.carlos@inta.gob.ar)'),(4,'II NORTE','Santa Fe','San Lorenzo ','Roldan','INDEAR','Campo Experimental Roldan - INDEAR',-32.8967208846,-60.9076896716,'Carlos Bainotti (bainotti.carlos@inta.gob.ar)'),(5,'II NORTE','Buenos Aires','Pergamino ','Pergamino','INTA','EEA Pergamino - INTA',-33.9422867239,-60.5578527023,'Carlos Bainotti (bainotti.carlos@inta.gob.ar)'),(6,'II NORTE','Santa Fe','Iriondo ','Oliveros','INTA','EEA Oliveros - INTA',-32.5191577970,-60.8453415736,'Amalia Graciela Manlla (manlla.amalia@inta.gob.ar)'),(7,'II Norte','Santa Fe','General Lopez','Venado Tuerto','Nidera','EEA OC',-33.7534223811,-61.9953280794,NULL),(8,'II SUR','Buenos Aires','9 de Julio ','Alverti??','Criadero Klein S.A.','Criadero Klein S.A.',-35.1058418836,-60.2200203785,'Federico Corries (klein@trigoklein.com.ar)'),(9,'II SUR','Buenos Aires','Chacabuco','Chacabuco',NULL,NULL,-34.6365518886,-60.4704076304,'Federico Corries (klein@trigoklein.com.ar)'),(10,'II SUR','Buenos Aires','Alberti','Pla','Criadero Klein S.A.','Criadero Klein S.A.',-35.0863406108,-60.1806125215,'Federico Corries (klein@trigoklein.com.ar)'),(11,'III','Entre Rios','Parana','Parana','INTA','EEA Parana - INTA',-31.7375096751,-60.4455278460,'Carlos Bainotti (bainotti.carlos@inta.gob.ar)'),(12,'III','Entre Rios','Victoria','Victoria',NULL,NULL,-32.6116119611,-60.1413841967,'Carlos Bainotti (bainotti.carlos@inta.gob.ar)'),(13,'IV','Buenos Aires','Benito Juarez','Benito Juarez','Nidera',NULL,-37.6635391383,-59.8176884757,NULL),(14,'IV','Buenos Aires','General Alvarado','Miramar','Buck Semillas ?',NULL,-38.3340021946,-58.9998980476,'Lisardo Gonzalez ()'),(15,'IV','Buenos Aires','Necochea','La Dulce','Buck Semillas ?',NULL,-38.2919837221,-59.1834735996,'Lisardo Gonzalez ()'),(16,'IV','Buenos Aires','Balcarce','Balcarce','Agraria del Sur ?',NULL,-37.8816925260,-58.2005508370,'Lisardo Gonzalez ()'),(17,'IV','Buenos Aires','Barrow','Barrow','INTA','Chacra Experimental Barrow Integrada',-38.3176138451,-60.2394955461,'Lisardo Gonzalez ()'),(18,'V Norte','Cordoba','Rio Segundo','Manfredi','INTA?','EEA Manfredi - INTA?',-31.8565235122,-63.7352826306,'Carlos Bainotti (bainotti.carlos@inta.gob.ar)'),(19,'V Sur','La Pampa','Capital','Anguil','INTA?','EEA Anguil - INTA?',-36.5386386397,-63.9890479267,'Moreyra Federico (moreyra.federico@inta.gob.ar)'),(20,'V Sur','Buenos Aires','Adolfo Alsina','CARHUE','INTA','Chacra Experimental',-37.1766800000,-62.7579200000,'Moreyra Federico (moreyra.federico@inta.gob.ar)'),(21,'V Sur','Buenos Aires','Puan?','BORDENAVE','INTA','EEA - INTA',-37.7544420587,-63.0803404244,'Moreyra Federico (moreyra.federico@inta.gob.ar)'),(22,'V Sur','Buenos Aires','Bahia Blanca','Cabildo',NULL,NULL,-38.4846780455,-61.8929744939,'Moreyra Federico (moreyra.federico@inta.gob.ar)'),(23,'V Sur','Buenos Aires','Villarino','Hilario Ascasubi',NULL,NULL,-39.3856105880,-62.6558573241,'Moreyra Federico (moreyra.federico@inta.gob.ar)'),(24,'NOA','Santiago del Estero','Capital','La Abrita','INTA','EEA Santiago del Estero - INTA',-28.0175377909,-64.2280186214,'Carlos Bainotti (bainotti.carlos@inta.gob.ar)'),(25,'NOA','Tucuman','Burruyacu','Burruyacu','Obispo Colombres','EEA OC',-26.5013413320,-64.7512985058,NULL),(26,'NOA','Tucuman',NULL,NULL,'Obispo Colombres','EEA OC',NULL,NULL,NULL),(27,'NEA','Chaco','Comandante Fernandez','Saenz Pena','INTA','EEA Saenz Pena - INTA',-26.8349245377,-60.4395275698,'Carlos Bainotti (bainotti.carlos@inta.gob.ar)');

CREATE TABLE `tbl_ensayos` (
  `Id_Ensayo` int(11) NOT NULL AUTO_INCREMENT,
  `Campagna` char(4) DEFAULT NULL,
  `Condicion` enum('Regular','Alta Tecnologia') DEFAULT NULL,
  `Disegno` char(6) DEFAULT NULL,
  `FS_Largo` date DEFAULT NULL,
  `FS_LargoIntermedio` date DEFAULT NULL,
  `FS_CortoIntermedio` date DEFAULT NULL,
  `FS_Corto` date DEFAULT NULL,
  `Descripcion` tinytext,
  `Id_localidad` tinyint(5) DEFAULT NULL,
  PRIMARY KEY (`Id_Ensayo`),
  KEY `FK_Id_localidad` (`Id_localidad`),
  CONSTRAINT `SYS_FK_74` FOREIGN KEY (`Id_localidad`) REFERENCES `tbl_localidades` (`Id_localidad`)
) ENGINE=InnoDB AUTO_INCREMENT=64 DEFAULT CHARSET=latin1;

INSERT INTO `tbl_ensayos` VALUES (1,'2018','Regular','DBCA','2018-05-28','2018-06-07','2018-06-22',NULL,'ret_2018_rafaela.xlsx',1),(2,'2019','Regular','DBCA','2019-06-04','2019-06-04','2019-06-25','2019-07-04','ret_2019_inta_rafaela_si.xls',1),(3,'2018','Regular','DBCA',NULL,'2018-05-21','2018-06-06','2018-07-02','ret_2018_inta_reconquista_.xls',2),(4,'2019','Regular','DBCA',NULL,'2019-05-27','2019-06-05','2019-06-28','ret_2019_inta_reconquista_si.xls',2),(5,'2019','Alta Tecnologia','DBCA',NULL,'2019-05-27','2019-06-26',NULL,'2019_inta_marcos_juarez_a._tec._siinorte.xls',3),(6,'2019','Regular','DBCA','2019-05-25','2019-06-09','2019-06-26','2019-07-11','ret_2019_inta_marcos_juarez_siinorte.xls',3),(7,'2018','Regular','DBCA','2018-06-05',NULL,'2018-07-05',NULL,'ret_2018_roldan_indear_.xls',4),(8,'2019','Regular','DBCA','2019-05-23',NULL,'2019-07-05',NULL,'ret_2019_roldan_indear_siinorte.xls',4),(9,'2018','Regular','DBCA','2018-06-06','2018-06-20','2018-06-29','2018-07-17','ret_2018_inta_pergamino_l_0.xls',5),(10,'2019','Regular','DBCA','2019-06-05','2019-06-29','2019-07-06','2019-07-16','ret_inta_pergamino_siinorte.xlsx',5),(11,'2019','Regular','DBCA','2019-06-11',NULL,'2019-06-28','2019-07-15','ret_inase_oliveros_2019.xls',6),(12,'2018','Regular','DBCA','2018-06-06','2018-06-06','2018-07-05','2018-07-05','ret_2018_nidera_venado_tuerto_.xlsx',7),(13,'2018','Regular','DBCA','2018-06-18',NULL,'2018-07-13',NULL,'ret_2018_9_de_julio_.xls',8),(14,'2019','Regular','DBCA','2019-06-11',NULL,'2019-07-08',NULL,'19ret-iis-9j.xls',8),(15,'2018','Regular','DBCA','2018-06-04','2018-06-11','2018-06-26','2018-07-06','ret_2018_chacabuco_.xlsx',9),(16,'2019','Regular','DBCA','2019-05-31','2019-06-12','2019-07-03','2019-07-11','ret_2019_chacabuco_adm_siisur.xls',9),(17,'2018','Alta Tecnologia','DBCA','2018-06-05',NULL,'2018-07-02',NULL,'ret_2018_pla_atecnologa.xlsx',10),(18,'2018','Regular','DBCA','2018-06-06','2018-07-02','2018-07-10','2018-08-01','ret_2018_pla_klein_semillas.xlsx',10),(19,'2019','Alta Tecnologia','DBCA','2019-05-20',NULL,'2019-06-12',NULL,'ret_2019_pla_klein_a.tec_siisur.xls',10),(20,'2019','Regular','DBCA','2019-05-20','2019-06-05','2019-06-05','2019-06-11','ret_2019_pla_klein_siisur.xls',10),(21,'2018','Regular','DBCA','2018-05-28','2018-06-13','2018-06-25',NULL,'ret_2018_inta_parana_.xls',11),(22,'2019','Regular','DBCA','2019-05-24',NULL,'2019-06-27','2019-07-06','ret_2019_inta_parana_siii.xls',11),(23,'2018','Regular','DBCA','2018-06-16','2018-06-16','2018-07-03','2018-07-03','ret_2018_victoria_er_.xls',12),(24,'2018','Regular','DBCA','2018-06-19','2018-06-19','2018-07-28','2018-07-28','ret_2018_nidera_benito_juarez_.xlsx',13),(25,'2018','Regular','DBCA','2018-06-19','2018-06-29','2018-07-24','2018-08-07','ret_miramar_2018.xls',14),(26,'2019','Regular','DBCA','2019-06-10','2019-06-28','2019-07-19','2019-08-09','ret_2019_chacra_miramar_siv.xls',14),(27,'2018','Regular','DBCA','2018-06-11','2018-06-29','2018-07-16','2018-08-07','ret_2018_la_dulce_l.xls',15),(28,'2019','Regular','DBCA','2019-06-11','2019-06-29','2019-07-24','2019-08-12','ret_2019_la_dulce_buck_siv.xls',15),(29,'2018','Regular','DBCA','2018-06-18','2018-06-29','2018-07-16','2018-07-26','ret_2018_balcarce_agrar_del_sur.xlsx',16),(30,'2019','Regular','DBCA','2019-06-10','2019-07-02','2019-07-24','2019-08-02','ret_2019_balcarce_agrar_del_sur_siv.xls',16),(31,'2019','Alta Tecnologia','DBCA',NULL,NULL,'2019-07-30',NULL,'ret_2019_inta_balcarce_a._tec._siv.xls',16),(32,'2019','Regular','DBCA',NULL,'2019-07-02','2019-07-29','2019-08-08','ret_inta_balcerce_siv.xls',16),(33,'2018','Regular','DBCA','2018-06-08','2018-06-29','2018-07-25','2018-08-06','ret_chacra_i_barrow_2019.xls',17),(34,'2019','Regular','DBCA','2019-06-07','2019-07-03','2019-07-22','2019-08-05','ret_inta_barrow_siv.xls',17),(35,'2019','Alta Tecnologia','DBCA',NULL,'2019-06-03','2019-06-03',NULL,'ret_2019_inta_manfredi_a._tec_svnorte.xls',18),(36,'2019','Regular','DBCA',NULL,'2019-05-29','2019-06-25',NULL,'ret_2019_inta_manfredi_secano_svnorte.xls',18),(37,'2019','Regular','DBCA','2019-06-11','2019-06-28','2019-07-18',NULL,'ret_2019_inta_anguil_2019_vsur.xls',19),(38,'1899','Regular','DBCA','1899-12-31','1899-12-31','1899-12-31',NULL,'ret_2019_chacra_carhue_vs.xls',20),(39,'2018','Regular','DBCA','2018-06-08','2018-06-29','2018-07-16','2018-08-17','RET 2018 Chacra CarhuÃ©_L.xls',20),(40,'2018','Regular','DBCA','2018-06-06','2018-06-18','2018-07-12','2018-07-24','ret_2018_inta_bordenave_.xls',21),(41,'2019','Regular','DBCA','2019-06-06','2019-06-26','2019-07-16','2019-07-22','ret_inase_2019_vsur_-_bordenave.xls',21),(42,'2019','Regular','DBCA','2019-06-11',NULL,'2019-07-18',NULL,'ret_inase_2019_vsur_-_cabildo.xls',22),(43,'2019','Regular','DBCA','2019-06-12',NULL,NULL,NULL,'ret_2019_hilario_ascasubi_vsur.xls',23),(44,'2018','Regular','DBCA','2018-05-15','2018-05-15','2018-05-15','2018-05-15','ret_2018_inta_santiago_del_estero_.xls',24),(45,'2018','Regular','DBCA','2018-06-06','2018-06-06','2018-06-06','2018-06-06','ret_2018_inta_santiago_del_estero_ii_.xls',24),(46,'2019','Regular','DBCA','2019-07-02','2019-07-02','2019-07-02','2019-07-02','ret_2019_eea_inta_santiago_del_estero.xls',24),(47,'2018','Regular','DBCA',NULL,'2018-05-07','2018-05-07','2018-05-07','ret_2018_eea_obispo_colomdres_burruyacu_.xls',25),(48,'2019','Regular','DBCA','2019-05-14',NULL,NULL,'2019-05-30','ret_2019_eeaoc_burruyacu_noa.xls',25),(49,'2018','Regular','DBCA',NULL,'2018-06-13','2018-06-13','2018-06-13','ret_2018_eea_obispo_colomdres_el_abra_.xls',26),(50,'2019','Regular','DBCA','2019-06-12',NULL,NULL,'2019-06-12','ret_2019_eeaoc_el_abra_noa.xls',26),(51,'2018','Regular','DBCA','2018-05-24','2018-05-30','2018-06-14','2018-07-05','ret_inta_roque_saenz_pena_2018_.xls',27),(52,'2019','Regular','DBCA','2019-06-05','2019-06-05','2019-06-14',NULL,'ret_2019_inta_r.s.pena_nea.xls',27);


CREATE TABLE `tbl_rendimiento` (
  `Id_Registro` int(11) NOT NULL AUTO_INCREMENT,
  `Ciclo` varchar(20) DEFAULT NULL,
  `Tratamiento` char(2) DEFAULT NULL,
  `Repeticion` tinyint(2) DEFAULT NULL,
  `Rendimiento` decimal(10,2) DEFAULT NULL,
  `Id_Cultivar` int(11) DEFAULT NULL,
  `Id_Ensayo` int(11) DEFAULT NULL,
  PRIMARY KEY (`Id_Registro`),
  KEY `FK_Id_Cultivar` (`Id_Cultivar`),
  KEY `FK_Id_Ensayo` (`Id_Ensayo`),
  CONSTRAINT `tbl_rendimiento_ibfk_1` FOREIGN KEY (`Id_Cultivar`) REFERENCES `tbl_cultivares` (`Id_Cultivar`),
  CONSTRAINT `tbl_rendimiento_ibfk_2` FOREIGN KEY (`Id_Ensayo`) REFERENCES `tbl_ensayos` (`Id_Ensayo`)
) ENGINE=InnoDB DEFAULT CHARSET=latin1;

INSERT INTO `tbl_rendimiento` VALUES (1,'Largo-Intermedio','cf',2,1951.00,58,1),(2,'Largo','cf',2,2171.00,58,1),(3,'Largo','sf',2,2030.00,58,1),(4,'Largo','cf',1,2127.00,58,1),(5,'Largo-Intermedio','cf',1,2757.00,58,1),(6,'Largo','cf',3,1982.00,58,1),(7,'Largo','sf',1,1879.00,58,1),(8,'Largo','sf',3,1997.00,58,1),(9,'Largo-Intermedio','cf',3,2039.00,58,1),(10,'Corto-Intermedio','cf',3,1609.00,15,1),(11,'Corto-Intermedio','cf',2,1433.00,15,1),(12,'Corto-Intermedio','cf',1,1628.00,15,1),(13,'Corto-Intermedio','sf',2,1536.00,15,1),(14,'Corto-Intermedio','sf',3,1386.00,15,1),(15,'Corto-Intermedio','sf',1,1406.00,15,1),(16,'Corto-Intermedio','sf',2,1228.00,14,1),(17,'Corto-Intermedio','cf',2,1830.00,14,1),(18,'Corto-Intermedio','sf',1,1024.00,14,1),(19,'Corto-Intermedio','cf',1,1669.00,14,1),(20,'Corto-Intermedio','sf',3,1166.00,14,1),(21,'Corto-Intermedio','cf',3,1485.00,14,1),(22,'Largo','sf',2,2159.00,59,1),(23,'Largo','cf',2,2383.00,59,1),(24,'Largo','sf',3,2421.00,59,1),(25,'Largo-Intermedio','cf',1,1973.00,59,1),(26,'Largo','sf',1,2119.00,59,1),(27,'Largo','cf',3,1994.00,59,1),(28,'Largo-Intermedio','cf',3,1827.00,59,1),(29,'Largo','cf',1,2691.00,59,1),(30,'Largo-Intermedio','cf',2,2425.00,59,1),(31,'Largo','sf',1,1865.00,92,1),(32,'Largo','sf',3,2171.00,92,1),(33,'Largo','sf',2,1749.00,92,1),(34,'Largo-Intermedio','cf',3,2006.00,92,1),(35,'Largo-Intermedio','cf',2,2339.00,92,1),(36,'Largo','cf',1,2002.00,92,1),(37,'Largo','cf',2,2363.00,92,1),(38,'Largo','cf',3,1827.00,92,1),(39,'Largo-Intermedio','cf',1,1888.00,92,1),(40,'Largo','sf',2,2810.00,47,1),(41,'Largo','cf',3,2252.00,47,1),(42,'Largo','cf',1,2627.00,47,1),(43,'Largo-Intermedio','cf',1,2383.00,47,1),(44,'Largo','sf',1,2252.00,47,1),(45,'Largo-Intermedio','cf',3,2448.00,47,1),(46,'Largo','cf',2,2989.00,47,1),(47,'Largo-Intermedio','cf',2,2225.00,47,1),(48,'Largo','sf',3,2779.00,47,1),(49,'Corto-Intermedio','sf',3,2010.00,27,1),(50,'Corto-Intermedio','cf',1,2036.00,27,1),(51,'Corto-Intermedio','sf',1,1705.00,27,1),(52,'Corto-Intermedio','cf',2,1696.00,27,1),(53,'Corto-Intermedio','cf',3,1767.00,27,1),(54,'Largo-Intermedio','cf',3,1272.00,27,1),(55,'Largo-Intermedio','cf',2,1445.00,27,1),(56,'Largo-Intermedio','cf',1,1838.00,27,1),(57,'Corto-Intermedio','sf',2,2247.00,27,1),(58,'Corto-Intermedio','sf',1,1672.00,18,1),(59,'Corto-Intermedio','sf',2,2080.00,18,1),(60,'Corto-Intermedio','cf',1,1931.00,18,1),(61,'Corto-Intermedio','sf',3,1892.00,18,1),(62,'Corto-Intermedio','cf',2,2108.00,18,1),(63,'Corto-Intermedio','cf',3,2132.00,18,1),(64,'Corto-Intermedio','sf',1,1408.00,19,1),(65,'Corto-Intermedio','cf',1,2102.00,19,1),(66,'Corto-Intermedio','sf',2,1895.00,19,1),(67,'Corto-Intermedio','cf',2,2321.00,19,1),(68,'Corto-Intermedio','sf',3,1528.00,19,1),(69,'Corto-Intermedio','cf',3,1986.00,19,1),(70,'Largo','cf',2,1290.00,49,1),(71,'Largo','cf',1,1048.00,49,1),(72,'Largo','cf',3,1309.00,49,1),(73,'Largo','sf',2,1461.00,49,1),(74,'Largo','sf',3,2012.00,49,1),(75,'Largo-Intermedio','cf',2,1462.00,49,1),(76,'Largo','sf',1,1242.00,49,1),(77,'Largo-Intermedio','cf',3,1846.00,49,1),(78,'Corto-Intermedio','cf',1,1507.00,22,1),(79,'Corto-Intermedio','sf',3,1517.00,22,1),(80,'Corto-Intermedio','sf',2,2117.00,22,1),(81,'Corto-Intermedio','sf',1,1469.00,22,1),(82,'Corto-Intermedio','cf',3,1601.00,22,1),(83,'Corto-Intermedio','cf',2,1951.00,22,1),(84,'Corto-Intermedio','sf',2,1186.00,23,1),(85,'Corto-Intermedio','sf',1,1200.00,23,1),(86,'Corto-Intermedio','sf',3,1384.00,23,1),(87,'Corto-Intermedio','cf',2,1826.00,23,1),(88,'Corto-Intermedio','cf',1,1501.00,23,1),(89,'Corto-Intermedio','cf',3,2637.00,23,1),(90,'Largo','cf',1,2824.00,66,1),(91,'Largo','cf',2,3205.00,66,1),(92,'Largo','cf',3,2773.00,66,1),(93,'Largo-Intermedio','cf',3,2928.00,66,1),(94,'Largo','sf',3,2124.00,66,1),(95,'Largo','sf',2,2511.00,66,1),(96,'Largo','sf',1,2794.00,66,1),(97,'Largo-Intermedio','cf',2,1953.00,66,1),(98,'Corto-Intermedio','cf',2,2721.00,38,1),(99,'Largo-Intermedio','cf',1,1245.00,38,1),(100,'Largo-Intermedio','cf',3,3449.00,38,1),(101,'Corto-Intermedio','cf',1,3686.00,38,1),(102,'Corto-Intermedio','cf',3,3697.00,38,1),(103,'Corto-Intermedio','sf',2,2768.00,38,1),(104,'Corto-Intermedio','sf',1,2226.00,38,1),(105,'Corto-Intermedio','sf',3,3179.00,38,1),(106,'Largo-Intermedio','cf',2,1608.00,38,1),(107,'Corto-Intermedio','sf',3,1899.00,39,1),(108,'Corto-Intermedio','cf',2,2679.00,39,1),(109,'Corto-Intermedio','sf',1,2423.00,39,1),(110,'Corto-Intermedio','sf',2,1886.00,39,1),(111,'Corto-Intermedio','cf',3,2269.00,39,1),(112,'Corto-Intermedio','cf',1,2383.00,39,1),(113,'Largo','cf',2,1987.00,63,1),(114,'Largo','cf',3,1669.00,63,1),(115,'Largo','sf',3,1550.00,63,1),(116,'Largo','sf',2,1795.00,63,1),(117,'Largo','cf',1,1842.00,63,1),(118,'Largo','sf',1,1529.00,63,1),(119,'Largo-Intermedio','cf',3,1488.00,63,1),(120,'Largo-Intermedio','cf',1,1752.00,63,1),(121,'Largo-Intermedio','cf',2,2369.00,63,1),(122,'Largo','sf',1,1798.00,56,1),(123,'Largo','sf',2,1577.00,56,1),(124,'Largo','cf',3,873.00,56,1),(125,'Largo','cf',2,2693.00,56,1),(126,'Largo','sf',3,1614.00,56,1),(127,'Largo','cf',1,1965.00,56,1),(128,'Largo-Intermedio','cf',3,2090.00,84,1),(129,'Largo-Intermedio','cf',2,2127.00,84,1),(130,'Corto-Intermedio','cf',2,1803.00,80,1),(131,'Corto-Intermedio','cf',3,1808.00,80,1),(132,'Corto-Intermedio','sf',3,1566.00,80,1),(133,'Corto-Intermedio','cf',1,1384.00,80,1),(134,'Corto-Intermedio','sf',2,2071.00,80,1),(135,'Corto-Intermedio','sf',1,2117.00,80,1),(136,'Corto-Intermedio','sf',2,2810.00,8,1),(137,'Corto-Intermedio','sf',1,2176.00,8,1),(138,'Corto-Intermedio','sf',3,2056.00,8,1),(139,'Corto-Intermedio','cf',1,2008.00,8,1),(140,'Corto-Intermedio','cf',2,2536.00,8,1),(141,'Corto-Intermedio','cf',3,2000.00,8,1),(142,'Corto-Intermedio','cf',3,1814.00,21,1),(143,'Corto-Intermedio','sf',3,1489.00,21,1),(144,'Corto-Intermedio','cf',2,2265.00,21,1),(145,'Corto-Intermedio','sf',1,1611.00,21,1),(146,'Corto-Intermedio','sf',2,1730.00,21,1),(147,'Corto-Intermedio','cf',1,2282.00,21,1),(148,'Corto-Intermedio','sf',2,942.00,78,1),(149,'Corto-Intermedio','cf',3,788.00,78,1),(150,'Corto-Intermedio','cf',2,1112.00,78,1),(151,'Corto-Intermedio','cf',1,996.00,78,1),(152,'Corto-Intermedio','sf',3,719.00,78,1),(153,'Largo','sf',1,801.00,50,1),(154,'Largo','cf',1,932.00,50,1),(155,'Largo','sf',3,935.00,50,1),(156,'Largo','sf',2,1228.00,50,1),(157,'Largo','cf',2,1215.00,50,1),(158,'Largo','cf',3,805.00,50,1),(159,'Corto-Intermedio','cf',3,1816.00,24,1),(160,'Corto-Intermedio','cf',2,1251.00,24,1),(161,'Corto-Intermedio','sf',3,1364.00,24,1),(162,'Corto-Intermedio','sf',1,1484.00,24,1),(163,'Corto-Intermedio','sf',2,1494.00,24,1),(164,'Corto-Intermedio','cf',1,1506.00,24,1),(165,'Largo-Intermedio','cf',1,969.00,24,1),(166,'Largo-Intermedio','cf',3,1049.00,24,1),(167,'Largo-Intermedio','cf',2,1017.00,24,1),(168,'Largo','sf',1,1613.00,41,1),(169,'Largo','cf',2,2053.00,41,1),(170,'Largo','sf',3,1462.00,41,1),(171,'Largo','cf',3,1823.00,41,1),(172,'Largo','sf',2,1632.00,41,1),(173,'Largo','cf',1,1712.00,41,1),(174,'Largo-Intermedio','cf',3,2208.00,41,1),(175,'Largo-Intermedio','cf',1,1482.00,41,1),(176,'Largo-Intermedio','cf',2,2033.00,41,1),(177,'Corto-Intermedio','cf',3,1652.00,73,1),(178,'Corto-Intermedio','sf',1,2391.00,73,1),(179,'Corto-Intermedio','cf',2,2581.00,73,1),(180,'Corto-Intermedio','sf',2,2597.00,73,1),(181,'Corto-Intermedio','sf',3,2176.00,73,1),(182,'Corto-Intermedio','cf',1,2144.00,73,1),(183,'Corto-Intermedio','cf',3,3106.00,6,1),(184,'Largo-Intermedio','cf',1,1526.00,6,1),(185,'Corto-Intermedio','sf',1,2014.00,6,1),(186,'Largo-Intermedio','cf',3,1676.00,6,1),(187,'Corto-Intermedio','cf',1,2441.00,6,1),(188,'Corto-Intermedio','cf',2,2266.00,6,1),(189,'Corto-Intermedio','sf',2,2039.00,6,1),(190,'Corto-Intermedio','sf',3,1989.00,6,1),(191,'Largo-Intermedio','cf',2,2104.00,6,1),(192,'Largo','sf',2,1826.00,42,1),(193,'Largo','sf',1,2034.00,42,1),(194,'Largo-Intermedio','cf',3,2332.00,42,1),(195,'Largo','cf',2,1623.00,42,1),(196,'Largo-Intermedio','cf',2,1777.00,42,1),(197,'Largo-Intermedio','cf',1,1545.00,42,1),(198,'Largo','cf',3,1278.00,42,1),(199,'Largo','cf',1,1449.00,42,1),(200,'Largo','sf',3,1440.00,42,1),(201,'Largo','sf',1,2043.00,45,1),(202,'Largo-Intermedio','cf',3,2388.00,45,1),(203,'Largo','cf',2,1789.00,45,1),(204,'Largo-Intermedio','cf',2,1865.00,45,1),(205,'Largo-Intermedio','cf',1,1941.00,45,1),(206,'Largo','cf',1,1836.00,45,1),(207,'Largo','sf',2,1621.00,45,1),(208,'Largo','cf',3,2240.00,45,1),(209,'Largo','sf',3,2131.00,45,1),(210,'Corto-Intermedio','cf',2,1871.00,2,1),(211,'Corto-Intermedio','sf',3,1862.00,2,1),(212,'Corto-Intermedio','cf',3,1692.00,2,1),(213,'Corto-Intermedio','sf',1,1924.00,2,1),(214,'Corto-Intermedio','cf',1,1678.00,2,1),(215,'Corto-Intermedio','sf',2,1567.00,2,1),(216,'Corto-Intermedio','cf',2,2391.00,3,1),(217,'Corto-Intermedio','cf',1,2439.00,3,1),(218,'Corto-Intermedio','sf',1,1804.00,3,1),(219,'Corto-Intermedio','sf',3,2037.00,3,1),(220,'Corto-Intermedio','cf',3,2952.00,3,1),(221,'Corto-Intermedio','sf',2,1478.00,3,1),(222,'Corto-Intermedio','cf',3,1840.00,4,1),(223,'Corto-Intermedio','cf',2,2361.00,4,1),(224,'Largo-Intermedio','cf',2,2540.00,4,1),(225,'Largo-Intermedio','cf',3,2185.00,4,1),(226,'Corto-Intermedio','sf',1,2237.00,4,1),(227,'Corto-Intermedio','cf',1,2104.00,4,1),(228,'Corto-Intermedio','sf',2,3014.00,4,1),(229,'Corto-Intermedio','sf',3,2386.00,4,1),(230,'Largo-Intermedio','cf',2,566.00,85,1),(231,'Corto-Intermedio','cf',1,2089.00,85,1),(232,'Corto-Intermedio','sf',3,2037.00,85,1),(233,'Corto-Intermedio','sf',2,2424.00,85,1),(234,'Largo-Intermedio','cf',3,671.00,85,1),(235,'Corto-Intermedio','sf',1,1911.00,85,1),(236,'Corto-Intermedio','cf',3,2252.00,85,1),(237,'Corto-Intermedio','cf',2,2704.00,85,1),(238,'Largo-Intermedio','cf',3,2797.00,44,1),(239,'Largo-Intermedio','cf',1,2508.00,44,1),(240,'Largo-Intermedio','cf',2,2044.00,44,1),(241,'Largo','cf',1,2083.00,44,1),(242,'Largo','cf',3,2493.00,44,1),(243,'Largo','sf',1,2621.00,44,1),(244,'Largo','cf',2,2041.00,44,1),(245,'Largo','sf',2,2280.00,44,1),(246,'Largo','sf',3,2359.00,44,1),(247,'Corto-Intermedio','cf',2,1641.00,11,1),(248,'Corto-Intermedio','cf',1,1748.00,11,1),(249,'Corto-Intermedio','sf',1,1516.00,11,1),(250,'Corto-Intermedio','sf',2,1532.00,11,1),(251,'Corto-Intermedio','cf',3,1781.00,11,1),(252,'Corto-Intermedio','sf',3,1415.00,11,1),(253,'Largo-Intermedio','cf',2,2208.00,52,1),(254,'Largo','cf',1,1507.00,52,1),(255,'Largo','sf',1,1530.00,52,1),(256,'Largo','sf',3,2126.00,52,1),(257,'Largo-Intermedio','cf',1,1853.00,52,1),(258,'Largo','cf',2,1624.00,52,1),(259,'Largo','cf',3,1803.00,52,1),(260,'Largo','sf',2,1775.00,52,1),(261,'Largo-Intermedio','cf',3,1769.00,52,1),(262,'Corto-Intermedio','sf',1,2283.00,16,1),(263,'Corto-Intermedio','cf',1,2293.00,16,1),(264,'Corto-Intermedio','sf',2,2158.00,16,1),(265,'Corto-Intermedio','cf',3,2836.00,16,1),(266,'Corto-Intermedio','sf',3,2166.00,16,1),(267,'Corto-Intermedio','cf',2,1996.00,16,1),(268,'Largo','cf',3,1202.00,70,1),(269,'Largo','sf',2,1002.00,70,1),(270,'Largo','cf',2,1617.00,70,1),(271,'Largo','sf',3,1501.00,70,1),(272,'Largo','cf',1,1463.00,70,1),(273,'Largo','sf',1,1698.00,70,1),(274,'Largo-Intermedio','cf',2,1869.00,30,1),(275,'Largo-Intermedio','cf',1,2077.00,30,1),(276,'Corto-Intermedio','sf',1,1258.00,30,1),(277,'Corto-Intermedio','sf',3,1472.00,30,1),(278,'Largo-Intermedio','cf',3,1865.00,30,1),(279,'Corto-Intermedio','sf',2,1772.00,30,1),(280,'Corto-Intermedio','cf',1,2062.00,30,1),(281,'Corto-Intermedio','cf',2,2070.00,30,1),(282,'Corto-Intermedio','cf',3,2689.00,30,1),(283,'Corto-Intermedio','cf',2,1745.00,31,1),(284,'Largo-Intermedio','cf',1,1481.00,31,1),(285,'Largo-Intermedio','cf',3,1738.00,31,1),(286,'Corto-Intermedio','cf',1,1568.00,31,1),(287,'Largo-Intermedio','cf',2,1424.00,31,1),(288,'Corto-Intermedio','cf',3,2122.00,31,1),(289,'Corto-Intermedio','sf',2,1983.00,31,1),(290,'Corto-Intermedio','sf',1,1660.00,31,1),(291,'Corto-Intermedio','sf',3,1645.00,31,1),(292,'Corto-Intermedio','cf',1,1536.00,32,1),(293,'Corto-Intermedio','cf',2,1834.00,32,1),(294,'Corto-Intermedio','cf',3,1717.00,32,1),(295,'Corto-Intermedio','sf',2,2195.00,32,1),(296,'Corto-Intermedio','sf',1,1552.00,32,1),(297,'Corto-Intermedio','sf',3,1776.00,32,1),(298,'Largo-Intermedio','cf',2,1870.00,81,1),(299,'Corto-Intermedio','cf',2,1896.00,81,1),(300,'Corto-Intermedio','cf',3,2249.00,81,1),(301,'Corto-Intermedio','cf',1,1621.00,81,1),(302,'Largo-Intermedio','cf',3,1837.00,81,1),(303,'Corto-Intermedio','sf',3,1905.00,81,1),(304,'Largo-Intermedio','cf',1,2230.00,81,1),(305,'Corto-Intermedio','sf',2,2270.00,81,1),(306,'Corto-Intermedio','sf',1,1613.00,81,1),(307,'Largo','cf',3,1798.00,54,1),(308,'Largo','cf',2,1691.00,54,1),(309,'Largo','sf',3,1401.00,54,1),(310,'Largo','sf',1,1357.00,54,1),(311,'Largo','sf',2,1345.00,54,1),(312,'Largo','cf',1,1335.00,54,1),(313,'Corto-Intermedio','cf',1,1456.00,74,1),(314,'Corto-Intermedio','cf',3,1610.00,74,1),(315,'Corto-Intermedio','cf',2,1611.00,74,1),(316,'Corto-Intermedio','sf',3,1486.00,74,1),(317,'Corto-Intermedio','sf',2,1626.00,74,1),(318,'Corto-Intermedio','sf',2,1750.00,35,1),(319,'Corto-Intermedio','sf',3,1832.00,35,1),(320,'Corto-Intermedio','cf',3,1637.00,35,1),(321,'Corto-Intermedio','cf',1,1561.00,35,1),(322,'Corto-Intermedio','cf',2,2200.00,35,1),(323,'Corto-Intermedio','cf',1,1908.00,9,1),(324,'Corto-Intermedio','cf',3,2624.00,9,1),(325,'Corto-Intermedio','sf',3,1962.00,9,1),(326,'Corto-Intermedio','cf',2,2521.00,9,1),(327,'Corto-Intermedio','sf',2,2163.00,9,1),(328,'Corto-Intermedio','sf',1,2499.00,9,1),(329,'Corto-Intermedio','sf',1,1454.00,29,1),(330,'Corto-Intermedio','sf',3,1824.00,29,1),(331,'Corto-Intermedio','cf',3,1566.00,29,1),(332,'Corto-Intermedio','cf',2,1623.00,29,1),(333,'Corto-Intermedio','cf',1,1397.00,29,1),(334,'Corto-Intermedio','sf',2,1510.00,29,1),(335,'Largo','cf',2,2308.00,46,1),(336,'Largo','cf',3,2131.00,46,1),(337,'Largo-Intermedio','cf',3,2250.00,46,1),(338,'Largo-Intermedio','cf',2,2907.00,46,1),(339,'Largo','sf',1,2329.00,46,1),(340,'Largo','sf',2,1997.00,46,1),(341,'Largo','cf',1,1721.00,46,1),(342,'Largo','sf',3,1831.00,46,1),(343,'Largo-Intermedio','cf',3,1726.00,67,1),(344,'Largo-Intermedio','cf',2,1672.00,67,1),(345,'Corto-Intermedio','cf',3,2361.00,72,1),(346,'Corto-Intermedio','sf',1,2002.00,72,1),(347,'Corto-Intermedio','cf',1,2679.00,72,1),(348,'Corto-Intermedio','sf',3,2503.00,72,1),(349,'Corto-Intermedio','cf',2,2171.00,72,1),(350,'Corto-Intermedio','sf',2,1818.00,72,1),(351,'Corto-Intermedio','sf',1,1710.00,5,1),(352,'Corto-Intermedio','sf',3,1497.00,5,1),(353,'Corto-Intermedio','cf',1,1717.00,5,1),(354,'Corto-Intermedio','sf',2,1693.00,5,1),(355,'Corto-Intermedio','cf',3,1874.00,5,1),(356,'Corto-Intermedio','cf',2,2349.00,5,1),(357,'Largo','sf',3,4588.02,58,2),(358,'Largo','cf',3,4520.24,58,2),(359,'Largo','sf',1,3548.25,58,2),(360,'Largo','sf',2,4675.98,58,2),(361,'Largo','cf',2,5223.86,58,2),(362,'Largo','cf',1,3936.94,58,2),(363,'Largo-Intermedio','cf',1,3882.13,58,2),(364,'Largo-Intermedio','cf',3,5510.60,58,2),(365,'Largo-Intermedio','cf',2,5417.03,58,2),(366,'Corto','cf',3,3654.24,79,2),(367,'Corto','cf',1,3955.98,79,2),(368,'Corto','cf',2,3795.23,79,2),(369,'Corto-Intermedio','sf',1,4795.49,15,2),(370,'Corto-Intermedio','cf',1,5159.38,15,2),(371,'Corto-Intermedio','cf',2,4873.49,15,2),(372,'Corto-Intermedio','sf',3,6425.40,15,2),(373,'Corto-Intermedio','sf',2,5357.14,15,2),(374,'Corto-Intermedio','cf',3,4565.38,15,2),(375,'Corto','cf',3,3161.31,15,2),(376,'Corto','cf',1,5276.16,15,2),(377,'Corto','cf',2,2109.09,15,2),(378,'Corto-Intermedio','sf',1,5146.69,14,2),(379,'Corto-Intermedio','cf',3,5536.45,14,2),(380,'Corto-Intermedio','cf',1,5097.25,14,2),(381,'Corto','cf',1,4522.08,14,2),(382,'Corto-Intermedio','sf',3,5660.58,14,2),(383,'Corto','cf',2,4661.63,14,2),(384,'Corto-Intermedio','sf',2,4764.01,14,2),(385,'Corto','cf',3,4420.00,14,2),(386,'Corto-Intermedio','cf',2,5199.12,14,2),(387,'Corto-Intermedio','sf',2,4729.84,26,2),(388,'Corto','cf',1,3908.70,26,2),(389,'Corto-Intermedio','cf',1,4548.89,26,2),(390,'Corto-Intermedio','sf',3,5655.19,26,2),(391,'Corto-Intermedio','cf',3,4446.52,26,2),(392,'Corto-Intermedio','sf',1,5184.58,26,2),(393,'Corto-Intermedio','cf',2,3242.79,26,2),(394,'Corto','cf',3,3222.53,26,2),(395,'Corto','cf',2,2212.32,26,2),(396,'Largo','cf',2,4706.51,59,2),(397,'Largo','cf',3,5918.02,59,2),(398,'Largo','sf',2,5071.33,59,2),(399,'Largo-Intermedio','cf',1,4495.02,59,2),(400,'Largo','sf',3,5065.37,59,2),(401,'Largo','cf',1,4530.68,59,2),(402,'Largo','sf',1,3898.80,59,2),(403,'Largo-Intermedio','cf',3,5282.19,59,2),(404,'Largo-Intermedio','cf',2,5232.11,59,2),(405,'Largo','cf',2,5469.83,47,2),(406,'Largo','cf',3,4991.22,47,2),(407,'Largo','sf',3,4860.03,47,2),(408,'Largo-Intermedio','cf',3,6652.03,47,2),(409,'Largo','cf',1,4806.41,47,2),(410,'Largo','sf',1,4899.84,47,2),(411,'Largo','sf',2,5168.87,47,2),(412,'Largo-Intermedio','cf',1,5410.96,47,2),(413,'Largo-Intermedio','cf',2,5154.22,47,2),(414,'Largo-Intermedio','cf',3,6189.96,27,2),(415,'Corto-Intermedio','cf',2,5431.02,27,2),(416,'Largo-Intermedio','cf',1,4846.93,27,2),(417,'Largo-Intermedio','cf',2,5274.42,27,2),(418,'Corto-Intermedio','cf',3,5946.53,27,2),(419,'Corto-Intermedio','sf',2,5283.48,27,2),(420,'Corto-Intermedio','cf',1,5430.04,27,2),(421,'Corto-Intermedio','sf',3,5256.68,27,2),(422,'Corto-Intermedio','sf',1,4568.98,27,2),(423,'Largo-Intermedio','cf',1,4164.45,13,2),(424,'Largo-Intermedio','cf',2,4490.37,13,2),(425,'Corto-Intermedio','cf',1,3896.93,13,2),(426,'Corto-Intermedio','sf',3,3780.47,13,2),(427,'Largo-Intermedio','cf',3,5130.85,13,2),(428,'Corto-Intermedio','cf',3,4296.49,13,2),(429,'Corto-Intermedio','sf',2,4075.11,13,2),(430,'Corto-Intermedio','sf',1,3035.80,13,2),(431,'Corto-Intermedio','cf',2,4116.16,13,2),(432,'Corto-Intermedio','sf',1,4939.44,18,2),(433,'Corto-Intermedio','sf',3,5970.90,18,2),(434,'Corto-Intermedio','sf',2,5890.04,18,2),(435,'Corto','cf',1,4094.97,18,2),(436,'Corto-Intermedio','cf',1,5209.94,18,2),(437,'Corto','cf',2,4657.88,18,2),(438,'Corto-Intermedio','cf',2,6060.99,18,2),(439,'Corto','cf',3,3321.80,18,2),(440,'Corto-Intermedio','cf',3,6016.71,18,2),(441,'Corto-Intermedio','sf',2,4954.95,19,2),(442,'Corto','cf',1,3372.09,19,2),(443,'Corto-Intermedio','cf',2,4813.38,19,2),(444,'Corto-Intermedio','cf',3,4109.65,19,2),(445,'Corto-Intermedio','sf',3,5596.20,19,2),(446,'Corto-Intermedio','cf',1,5626.82,19,2),(447,'Corto','cf',2,1671.51,19,2),(448,'Corto','cf',3,5418.43,19,2),(449,'Corto-Intermedio','sf',1,5085.17,19,2),(450,'Corto','cf',1,3546.94,25,2),(451,'Corto-Intermedio','cf',3,4041.73,25,2),(452,'Corto-Intermedio','sf',3,4597.78,25,2),(453,'Corto-Intermedio','cf',1,5160.01,25,2),(454,'Corto','cf',2,4498.50,25,2),(455,'Corto-Intermedio','cf',2,4149.35,25,2),(456,'Corto-Intermedio','sf',1,4653.49,25,2),(457,'Corto','cf',3,3569.70,25,2),(458,'Corto-Intermedio','sf',2,4519.34,25,2),(459,'Largo','sf',2,2965.12,49,2),(460,'Largo','sf',3,2704.33,49,2),(461,'Largo','cf',1,4121.87,49,2),(462,'Largo','sf',1,2929.02,49,2),(463,'Largo','cf',3,4080.69,49,2),(464,'Largo','cf',2,4808.83,49,2),(465,'Largo-Intermedio','cf',3,4424.65,49,2),(466,'Largo-Intermedio','cf',2,6564.13,49,2),(467,'Largo-Intermedio','cf',1,4285.25,49,2),(468,'Largo-Intermedio','cf',1,4865.99,86,2),(469,'Largo','cf',3,6297.34,86,2),(470,'Largo-Intermedio','cf',2,6018.34,86,2),(471,'Largo','cf',1,4840.91,86,2),(472,'Largo','sf',1,4581.81,86,2),(473,'Largo','sf',3,5981.94,86,2),(474,'Largo','cf',2,5284.27,86,2),(475,'Largo','sf',2,5695.87,86,2),(476,'Largo-Intermedio','cf',3,5005.71,86,2),(477,'Corto-Intermedio','cf',1,5130.54,22,2),(478,'Corto-Intermedio','sf',3,5040.29,22,2),(479,'Corto-Intermedio','sf',1,3953.42,22,2),(480,'Corto-Intermedio','cf',3,5533.83,22,2),(481,'Corto-Intermedio','cf',2,4799.86,22,2),(482,'Corto-Intermedio','sf',2,4244.12,22,2),(483,'Corto','cf',2,2461.54,22,2),(484,'Corto','cf',1,3404.53,22,2),(485,'Corto','cf',3,4508.11,22,2),(486,'Corto-Intermedio','sf',1,4956.30,23,2),(487,'Corto-Intermedio','sf',2,4176.61,23,2),(488,'Corto-Intermedio','sf',3,5052.52,23,2),(489,'Corto-Intermedio','cf',1,5489.15,23,2),(490,'Corto-Intermedio','cf',3,4535.45,23,2),(491,'Corto','cf',1,4394.88,23,2),(492,'Corto-Intermedio','cf',2,3612.96,23,2),(493,'Corto','cf',3,4263.49,23,2),(494,'Corto','cf',2,3595.41,23,2),(495,'Largo','cf',3,5111.71,66,2),(496,'Largo','cf',2,5216.01,66,2),(497,'Largo','cf',1,4156.97,66,2),(498,'Largo-Intermedio','cf',3,5416.27,66,2),(499,'Largo','sf',1,3882.89,66,2),(500,'Largo','sf',2,5316.71,66,2),(501,'Largo-Intermedio','cf',2,5070.87,66,2),(502,'Largo','sf',3,4868.51,66,2),(503,'Largo-Intermedio','cf',1,4404.07,66,2),(504,'Corto-Intermedio','sf',3,3847.13,38,2),(505,'Corto-Intermedio','cf',1,4687.50,38,2),(506,'Corto-Intermedio','cf',2,3594.14,38,2),(507,'Corto-Intermedio','sf',2,4214.92,38,2),(508,'Largo-Intermedio','cf',1,5298.64,38,2),(509,'Largo-Intermedio','cf',3,5538.94,38,2),(510,'Corto-Intermedio','sf',1,4645.23,38,2),(511,'Corto-Intermedio','cf',3,3527.60,38,2),(512,'Largo-Intermedio','cf',2,5829.67,38,2),(513,'Corto-Intermedio','sf',3,5418.44,39,2),(514,'Corto-Intermedio','cf',1,5300.91,39,2),(515,'Corto-Intermedio','sf',2,3672.21,39,2),(516,'Corto-Intermedio','sf',1,4117.60,39,2),(517,'Corto','cf',3,2038.07,39,2),(518,'Corto','cf',2,4029.81,39,2),(519,'Corto-Intermedio','cf',3,5775.17,39,2),(520,'Corto-Intermedio','cf',2,4183.99,39,2),(521,'Corto','cf',1,3791.16,39,2),(522,'Corto-Intermedio','sf',2,3293.36,17,2),(523,'Corto-Intermedio','sf',1,5513.22,17,2),(524,'Corto-Intermedio','cf',1,5417.97,17,2),(525,'Corto-Intermedio','sf',3,5885.43,17,2),(526,'Corto-Intermedio','cf',2,4073.94,17,2),(527,'Corto-Intermedio','cf',3,5315.76,17,2),(528,'Largo-Intermedio','cf',3,6177.33,17,2),(529,'Largo-Intermedio','cf',2,5266.05,17,2),(530,'Largo-Intermedio','cf',1,6278.22,17,2),(531,'Largo','sf',2,6361.84,63,2),(532,'Largo','cf',3,6202.39,63,2),(533,'Largo','cf',2,6077.34,63,2),(534,'Largo','cf',1,5795.71,63,2),(535,'Largo','sf',1,5765.13,63,2),(536,'Largo-Intermedio','cf',2,6026.10,63,2),(537,'Largo','sf',3,6219.42,63,2),(538,'Largo-Intermedio','cf',1,5723.32,63,2),(539,'Largo-Intermedio','cf',3,5805.39,63,2),(540,'Largo','sf',3,5115.24,56,2),(541,'Largo','cf',2,4983.39,56,2),(542,'Largo','cf',1,4622.09,56,2),(543,'Largo','cf',3,4809.43,56,2),(544,'Largo','sf',1,4701.37,56,2),(545,'Largo','sf',2,4536.19,56,2),(546,'Largo-Intermedio','cf',3,4790.03,84,2),(547,'Largo-Intermedio','cf',2,5236.35,84,2),(548,'Largo-Intermedio','cf',1,4848.21,84,2),(549,'Corto-Intermedio','cf',2,3137.51,8,2),(550,'Corto','cf',2,3584.50,8,2),(551,'Corto-Intermedio','cf',3,5042.25,8,2),(552,'Corto','cf',3,3084.67,8,2),(553,'Corto-Intermedio','cf',1,5216.43,8,2),(554,'Corto-Intermedio','sf',3,5863.41,8,2),(555,'Corto-Intermedio','sf',1,4774.95,8,2),(556,'Corto-Intermedio','sf',2,4061.86,8,2),(557,'Corto','cf',1,3856.64,8,2),(558,'Corto-Intermedio','sf',3,5241.07,21,2),(559,'Corto-Intermedio','sf',1,4496.05,21,2),(560,'Corto-Intermedio','cf',1,1186.22,21,2),(561,'Corto-Intermedio','cf',2,5829.67,21,2),(562,'Corto','cf',1,3699.96,21,2),(563,'Corto','cf',2,2361.06,21,2),(564,'Corto-Intermedio','cf',3,4888.24,21,2),(565,'Corto','cf',3,2358.79,21,2),(566,'Corto-Intermedio','sf',2,5310.56,21,2),(567,'Corto-Intermedio','cf',2,5683.78,78,2),(568,'Corto-Intermedio','sf',3,4872.09,78,2),(569,'Corto-Intermedio','sf',1,3955.44,78,2),(570,'Corto-Intermedio','sf',2,5242.86,78,2),(571,'Largo-Intermedio','cf',2,5563.11,78,2),(572,'Largo-Intermedio','cf',1,4177.66,78,2),(573,'Largo-Intermedio','cf',3,5337.04,78,2),(574,'Corto-Intermedio','cf',1,4919.94,78,2),(575,'Corto-Intermedio','cf',3,4885.35,78,2),(576,'Largo-Intermedio','cf',2,4863.95,20,2),(577,'Largo-Intermedio','cf',3,4473.09,20,2),(578,'Largo-Intermedio','cf',1,4521.13,20,2),(579,'Corto-Intermedio','sf',2,5044.82,24,2),(580,'Corto-Intermedio','cf',2,4558.46,24,2),(581,'Corto-Intermedio','sf',1,3288.66,24,2),(582,'Corto-Intermedio','cf',1,4617.42,24,2),(583,'Corto-Intermedio','sf',3,4681.47,24,2),(584,'Corto-Intermedio','cf',3,3378.79,24,2),(585,'Corto','cf',3,4038.90,24,2),(586,'Corto','cf',1,2406.23,24,2),(587,'Corto','cf',2,932.44,24,2),(588,'Largo','cf',2,5196.74,55,2),(589,'Largo','sf',2,4967.50,55,2),(590,'Largo-Intermedio','cf',2,5738.07,55,2),(591,'Largo','cf',1,6029.98,55,2),(592,'Largo-Intermedio','cf',1,5055.50,55,2),(593,'Largo','sf',3,5106.63,55,2),(594,'Largo','cf',3,5228.96,55,2),(595,'Largo','sf',1,5040.27,55,2),(596,'Largo-Intermedio','cf',3,4157.72,55,2),(597,'Corto','cf',2,3853.00,12,2),(598,'Corto','cf',3,1676.28,12,2),(599,'Corto-Intermedio','sf',3,4836.31,12,2),(600,'Corto-Intermedio','sf',1,4345.85,12,2),(601,'Corto-Intermedio','sf',2,4800.13,12,2),(602,'Corto-Intermedio','cf',2,4661.79,12,2),(603,'Corto-Intermedio','cf',3,3760.52,12,2),(604,'Corto','cf',1,3531.53,12,2),(605,'Corto-Intermedio','cf',1,3878.18,12,2),(606,'Largo','cf',1,5758.56,37,2),(607,'Largo','sf',3,5784.22,37,2),(608,'Largo','sf',2,4477.54,37,2),(609,'Largo-Intermedio','cf',2,5368.46,37,2),(610,'Largo','sf',1,4483.10,37,2),(611,'Corto-Intermedio','cf',3,3737.15,37,2),(612,'Largo-Intermedio','cf',1,5451.61,37,2),(613,'Largo-Intermedio','cf',3,6510.00,37,2),(614,'Largo','cf',3,5671.81,37,2),(615,'Largo','cf',2,5594.68,37,2),(616,'Corto-Intermedio','cf',1,3962.38,37,2),(617,'Corto-Intermedio','cf',2,5891.55,37,2),(618,'Corto-Intermedio','sf',1,3707.09,37,2),(619,'Corto-Intermedio','sf',2,3432.68,37,2),(620,'Corto-Intermedio','sf',3,4089.03,37,2),(621,'Largo','sf',2,5587.40,43,2),(622,'Largo','cf',2,5402.17,43,2),(623,'Largo','cf',3,5379.14,43,2),(624,'Largo','cf',1,5343.48,43,2),(625,'Largo-Intermedio','cf',1,4721.03,43,2),(626,'Largo-Intermedio','cf',2,5293.72,43,2),(627,'Largo','sf',3,4031.02,43,2),(628,'Largo','sf',1,4458.16,43,2),(629,'Largo-Intermedio','cf',3,4608.77,43,2),(630,'Largo','cf',2,5787.92,41,2),(631,'Largo','sf',3,4835.71,41,2),(632,'Largo','sf',2,5562.60,41,2),(633,'Largo','sf',1,4436.62,41,2),(634,'Largo','cf',1,5097.90,41,2),(635,'Largo-Intermedio','cf',1,4908.81,41,2),(636,'Largo-Intermedio','cf',3,5528.67,41,2),(637,'Largo','cf',3,5363.92,41,2),(638,'Largo-Intermedio','cf',2,5797.08,41,2),(639,'Corto-Intermedio','sf',1,3494.60,6,2),(640,'Corto-Intermedio','sf',3,4861.64,6,2),(641,'Corto-Intermedio','sf',2,4742.77,6,2),(642,'Largo-Intermedio','cf',3,6040.47,6,2),(643,'Corto-Intermedio','cf',2,5089.33,6,2),(644,'Corto-Intermedio','cf',1,3762.55,6,2),(645,'Corto-Intermedio','cf',3,5013.35,6,2),(646,'Largo-Intermedio','cf',2,5737.54,6,2),(647,'Largo-Intermedio','cf',1,5999.65,6,2),(648,'Largo','cf',1,5319.59,42,2),(649,'Largo','cf',3,5022.80,42,2),(650,'Largo-Intermedio','cf',3,6409.82,42,2),(651,'Largo','sf',3,4546.26,42,2),(652,'Largo','sf',1,5358.95,42,2),(653,'Largo','sf',2,5949.50,42,2),(654,'Largo','cf',2,6092.91,42,2),(655,'Largo-Intermedio','cf',2,5987.94,42,2),(656,'Largo-Intermedio','cf',1,5051.43,42,2),(657,'Largo','sf',2,5343.92,45,2),(658,'Largo-Intermedio','cf',3,5114.78,45,2),(659,'Largo-Intermedio','cf',1,4834.58,45,2),(660,'Largo','sf',1,5268.90,45,2),(661,'Largo-Intermedio','cf',2,4625.58,45,2),(662,'Largo','sf',3,5746.65,45,2),(663,'Largo','cf',3,5422.74,45,2),(664,'Largo','cf',2,5634.03,45,2),(665,'Largo','cf',1,4965.68,45,2),(666,'Corto-Intermedio','sf',3,5965.58,2,2),(667,'Corto-Intermedio','cf',3,5361.04,2,2),(668,'Corto','cf',3,5164.35,2,2),(669,'Corto-Intermedio','sf',2,4181.74,2,2),(670,'Corto-Intermedio','cf',2,4503.39,2,2),(671,'Corto-Intermedio','cf',1,4960.03,2,2),(672,'Corto','cf',2,5017.44,2,2),(673,'Corto','cf',1,2840.47,2,2),(674,'Corto-Intermedio','sf',1,4662.60,2,2),(675,'Corto-Intermedio','cf',2,3200.77,3,2),(676,'Corto-Intermedio','sf',3,3880.29,3,2),(677,'Corto-Intermedio','cf',1,3871.11,3,2),(678,'Corto-Intermedio','cf',3,3846.87,3,2),(679,'Corto-Intermedio','sf',1,3831.41,3,2),(680,'Corto-Intermedio','sf',2,3471.76,3,2),(681,'Corto','cf',3,1862.79,3,2),(682,'Corto','cf',2,3206.48,3,2),(683,'Corto','cf',1,2049.80,3,2),(684,'Corto-Intermedio','cf',2,5855.70,4,2),(685,'Corto-Intermedio','cf',1,3362.57,4,2),(686,'Corto-Intermedio','sf',3,4230.55,4,2),(687,'Corto-Intermedio','cf',3,4357.94,4,2),(688,'Corto-Intermedio','sf',2,3828.27,4,2),(689,'Corto-Intermedio','sf',1,3722.45,4,2),(690,'Largo-Intermedio','cf',1,5497.40,4,2),(691,'Largo-Intermedio','cf',2,6305.40,4,2),(692,'Largo-Intermedio','cf',3,5334.29,4,2),(693,'Corto-Intermedio','cf',2,4254.83,85,2),(694,'Corto-Intermedio','cf',3,3699.34,85,2),(695,'Largo-Intermedio','cf',2,5765.23,85,2),(696,'Largo-Intermedio','cf',3,4621.33,85,2),(697,'Largo-Intermedio','cf',1,3829.90,85,2),(698,'Corto-Intermedio','sf',1,3712.31,85,2),(699,'Corto-Intermedio','sf',3,3859.79,85,2),(700,'Corto-Intermedio','cf',1,3376.81,85,2),(701,'Corto-Intermedio','sf',2,4440.98,85,2),(702,'Largo-Intermedio','cf',2,5758.39,44,2),(703,'Largo-Intermedio','cf',3,5548.54,44,2),(704,'Largo','sf',1,4648.59,44,2),(705,'Largo-Intermedio','cf',1,5196.68,44,2),(706,'Largo','sf',3,4296.71,44,2),(707,'Largo','cf',2,5809.63,44,2),(708,'Largo','sf',2,4420.13,44,2),(709,'Largo','cf',1,5903.12,44,2),(710,'Largo','cf',3,5756.69,44,2),(711,'Corto-Intermedio','sf',1,4260.50,11,2),(712,'Corto-Intermedio','sf',2,4215.00,11,2),(713,'Corto-Intermedio','cf',1,3567.62,11,2),(714,'Corto','cf',2,3986.16,11,2),(715,'Corto-Intermedio','sf',3,4605.59,11,2),(716,'Corto','cf',1,2350.23,11,2),(717,'Corto-Intermedio','cf',2,3639.26,11,2),(718,'Corto-Intermedio','cf',3,4512.62,11,2),(719,'Corto','cf',3,4008.37,11,2),(720,'Largo-Intermedio','cf',1,5205.10,52,2),(721,'Largo-Intermedio','cf',3,5440.53,52,2),(722,'Largo','sf',1,4314.39,52,2),(723,'Largo','cf',1,5130.16,52,2),(724,'Largo','sf',2,4934.18,52,2),(725,'Largo','sf',3,4705.77,52,2),(726,'Largo-Intermedio','cf',2,5258.67,52,2),(727,'Largo','cf',3,5462.97,52,2),(728,'Largo','cf',2,4851.50,52,2),(729,'Corto-Intermedio','sf',2,4618.43,16,2),(730,'Corto','cf',1,3198.95,16,2),(731,'Corto','cf',3,1876.99,16,2),(732,'Corto-Intermedio','sf',3,4244.15,16,2),(733,'Corto','cf',2,1718.27,16,2),(734,'Corto-Intermedio','cf',2,5089.33,16,2),(735,'Corto-Intermedio','sf',1,3809.39,16,2),(736,'Corto-Intermedio','cf',1,3409.18,16,2),(737,'Corto-Intermedio','cf',3,4497.39,16,2),(738,'Largo-Intermedio','cf',2,5440.42,61,2),(739,'Largo-Intermedio','cf',1,4341.53,61,2),(740,'Largo-Intermedio','cf',3,4151.53,61,2),(741,'Largo','cf',3,4874.72,61,2),(742,'Largo','cf',2,4785.54,61,2),(743,'Largo','cf',1,4889.13,61,2),(744,'Largo','sf',3,4325.52,61,2),(745,'Largo','sf',1,3939.87,61,2),(746,'Largo','sf',2,4373.82,61,2),(747,'Largo','cf',3,6487.81,40,2),(748,'Largo','sf',3,6162.11,40,2),(749,'Largo','cf',2,6330.04,40,2),(750,'Largo','sf',2,5207.69,40,2),(751,'Largo','sf',1,5390.74,40,2),(752,'Largo','cf',1,5795.74,40,2),(753,'Largo-Intermedio','cf',3,6497.74,28,2),(754,'Largo-Intermedio','cf',1,5025.00,28,2),(755,'Largo-Intermedio','cf',2,6453.82,28,2),(756,'Largo','cf',3,5294.29,70,2),(757,'Largo-Intermedio','cf',2,5807.11,70,2),(758,'Largo','sf',2,4758.14,70,2),(759,'Largo','cf',1,4598.21,70,2),(760,'Largo','sf',3,4788.61,70,2),(761,'Largo','cf',2,4974.44,70,2),(762,'Largo','sf',1,3885.62,70,2),(763,'Largo-Intermedio','cf',3,5311.30,70,2),(764,'Largo-Intermedio','cf',1,5356.25,70,2),(765,'Largo','cf',1,5005.71,71,2),(766,'Largo','sf',3,4546.54,71,2),(767,'Largo','sf',1,3658.21,71,2),(768,'Largo-Intermedio','cf',3,4989.62,71,2),(769,'Largo','sf',2,3416.61,71,2),(770,'Largo','cf',3,4937.57,71,2),(771,'Largo','cf',2,4856.72,71,2),(772,'Largo-Intermedio','cf',2,5566.20,71,2),(773,'Largo-Intermedio','cf',1,5132.52,71,2),(774,'Largo-Intermedio','cf',2,5184.87,30,2),(775,'Corto-Intermedio','sf',1,5074.27,30,2),(776,'Corto-Intermedio','cf',3,4459.73,30,2),(777,'Corto-Intermedio','cf',2,4980.99,30,2),(778,'Corto-Intermedio','sf',2,4102.15,30,2),(779,'Corto-Intermedio','sf',3,4855.82,30,2),(780,'Corto-Intermedio','cf',1,3077.50,30,2),(781,'Largo-Intermedio','cf',1,5591.36,30,2),(782,'Largo-Intermedio','cf',3,4969.34,30,2),(783,'Corto-Intermedio','sf',1,2151.21,31,2),(784,'Corto-Intermedio','cf',3,4173.19,31,2),(785,'Largo-Intermedio','cf',3,4407.31,31,2),(786,'Corto-Intermedio','cf',2,4909.18,31,2),(787,'Largo-Intermedio','cf',1,5056.64,31,2),(788,'Corto-Intermedio','cf',1,2803.72,31,2),(789,'Largo-Intermedio','cf',2,5396.18,31,2),(790,'Corto-Intermedio','sf',3,3817.77,31,2),(791,'Corto-Intermedio','sf',2,3467.43,31,2),(792,'Corto-Intermedio','sf',1,1885.98,32,2),(793,'Corto-Intermedio','sf',2,4194.35,32,2),(794,'Corto','cf',1,3024.42,32,2),(795,'Corto','cf',2,4008.84,32,2),(796,'Corto','cf',3,3091.06,32,2),(797,'Corto-Intermedio','sf',3,5858.45,32,2),(798,'Corto-Intermedio','cf',3,5034.88,32,2),(799,'Corto-Intermedio','cf',1,1298.56,32,2),(800,'Corto-Intermedio','cf',2,4716.36,32,2),(801,'Corto-Intermedio','sf',2,3551.42,33,2),(802,'Corto-Intermedio','cf',1,2410.57,33,2),(803,'Corto','cf',2,2805.81,33,2),(804,'Corto-Intermedio','cf',2,3579.70,33,2),(805,'Corto-Intermedio','sf',3,4465.43,33,2),(806,'Corto','cf',3,3675.42,33,2),(807,'Corto','cf',1,924.85,33,2),(808,'Corto-Intermedio','sf',1,1120.02,33,2),(809,'Corto-Intermedio','cf',3,3606.31,33,2),(810,'Corto-Intermedio','sf',3,4863.79,35,2),(811,'Corto-Intermedio','cf',3,6166.90,35,2),(812,'Corto','cf',3,3767.71,35,2),(813,'Corto-Intermedio','cf',2,5129.79,35,2),(814,'Corto-Intermedio','cf',1,3452.21,35,2),(815,'Corto-Intermedio','sf',2,4660.01,35,2),(816,'Corto','cf',1,2672.04,35,2),(817,'Corto-Intermedio','sf',1,2421.10,35,2),(818,'Corto','cf',2,4039.14,35,2),(819,'Corto-Intermedio','sf',2,4760.00,9,2),(820,'Corto-Intermedio','cf',2,4880.42,9,2),(821,'Corto-Intermedio','cf',1,2847.49,9,2),(822,'Corto-Intermedio','sf',3,4622.57,9,2),(823,'Largo-Intermedio','cf',2,4620.73,9,2),(824,'Corto-Intermedio','cf',3,4164.19,9,2),(825,'Largo-Intermedio','cf',1,5856.74,9,2),(826,'Corto-Intermedio','sf',1,2575.08,9,2),(827,'Largo-Intermedio','cf',3,5820.60,9,2),(828,'Corto-Intermedio','sf',2,4663.38,29,2),(829,'Corto-Intermedio','cf',1,1733.85,29,2),(830,'Corto-Intermedio','cf',2,5110.52,29,2),(831,'Corto','cf',1,2273.50,29,2),(832,'Corto-Intermedio','cf',3,5424.19,29,2),(833,'Corto-Intermedio','sf',3,5140.42,29,2),(834,'Corto','cf',2,4684.32,29,2),(835,'Corto-Intermedio','sf',1,4994.32,29,2),(836,'Corto','cf',3,1604.65,29,2),(837,'Largo','cf',3,5905.76,46,2),(838,'Largo','sf',2,5241.90,46,2),(839,'Largo-Intermedio','cf',1,5672.67,46,2),(840,'Largo','cf',2,5581.46,46,2),(841,'Largo','sf',3,6475.81,46,2),(842,'Largo-Intermedio','cf',3,5311.69,46,2),(843,'Largo','cf',1,4612.77,46,2),(844,'Largo','sf',1,5703.36,46,2),(845,'Largo-Intermedio','cf',2,5402.49,46,2),(846,'Largo-Intermedio','cf',1,6335.48,67,2),(847,'Largo-Intermedio','cf',2,5090.07,67,2),(848,'Largo-Intermedio','cf',3,6395.35,67,2),(849,'Corto-Intermedio','sf',1,4011.44,5,2),(850,'Corto-Intermedio','cf',1,2347.62,5,2),(851,'Corto','cf',2,3990.35,5,2),(852,'Corto-Intermedio','cf',3,4802.03,5,2),(853,'Corto','cf',3,3341.06,5,2),(854,'Corto','cf',1,3763.26,5,2),(855,'Corto-Intermedio','sf',3,4954.26,5,2),(856,'Corto-Intermedio','cf',2,2593.48,5,2),(857,'Corto-Intermedio','sf',2,3812.21,5,2);
